Measured Flow (mL/h),"Reference Flow,                         Q                        (mL/h)","Uncertainty,                         U                        (                         Q                        ) (mL/h)",Error (%),Uncertainty (%)
0.001,0.00099,0.00015,1.4,15.2
0.01,0.0101,0.0003,−1.3,3.3
0.02,0.0196,0.0010,2.0,3.1
0.1,0.1019,0.0040,−1.8,4.0
0.5,0.5036,0.0180,−0.7,3.6
1,1.0113,0.0320,−1.1,3.2
