Transit No.,Epoch,Tc (BJD                         TDB                        ),Tc Uncertainty,Linear O-C,Quad O-C,∆ O-C,Telescope
2,1292,2458054.39890,0.00039,-0.000194,-0.000238,0.000044,POST
3,1451,2458332.61424,0.00026,-0.000049,0.000033,-0.000082,PIRATE
4,1455,2458339.61298,0.00031,-0.000433,-0.000347,-0.000086,PIRATE
5,1467,2458360.61083,0.00031,0.000044,0.000141,-0.000097,PIRATE
6,1479,2458381.60813,0.00036,-0.000029,0.00008,-0.00011,PIRATE
7,1487,2458395.60619,0.00035,-0.000218,-0.0001,-0.000118,PIRATE
8,1488,2458397.35716,0.00054,0.000971,0.00109,-0.000119,POST
9,1491,2458402.60516,0.00076,-0.000373,-0.000251,-0.000122,PIRATE
12,1504,2458425.35296,0.00029,0.000273,0.000409,-0.000136,POST
