N,h                  =                      π                            2                          N,E                        abs,|                  |                  .                  |                      |                        2,RMS,Cond                  (                  A                  )
10,0.702481,6.40                  ×                      10                        -                      4,9.18                  ×                      10                        -                      4,1.96                  ×                      10                        -                      4,38.90
20,0.496729,1.73                  ×                      10                        -                      4,2.14                  ×                      10                        -                      4,3.31                  ×                      10                        -                      5,70.65
30,0.405578,1.38                  ×                      10                        -                      4,1.856                  ×                      10                        -                      4,2.35                  ×                      10                        -                      5,101.97
40,0.351241,9.90                  ×                      10                        -                      5,1.41                  ×                      10                        -                      4,1.55                  ×                      10                        -                      5,133.08
50,0.314159,7.34                  ×                      10                        -                      5,1.09                  ×                      10                        -                      4,1.08                  ×                      10                        -                      5,164.06
