Mode Number,Period (sec),Frequency (cyc/sec)
1                         st,2.01065,0.49735
2                         nd,1.96584,0.50869
3                         rd,1.08229,0.92397
4                         th,0.75505,1.32441
5                         th,0.74937,1.33445
6                         th,0.25483,3.92412
