,AQ4 serum (pg/mL),MPO serum (pg/mL),F2-isoprostane serum (pg/mL),VEGF serum (pg/ml)
24 h post trauma,18.03304,4.481512,17.09533,52.62576
Day 4,24.4322,9.329674,32.71747,102.2482
Day 5,31.8979,10.31446,37.52427,122.5483
Day 6,41.49664,14.02633,40.82896,132.3224
Day 7,47.89581,14.85961,47.43832,145.8558
