Parameters,Values
y0,11.25392 ± 0.54701
xc,55.90468 ± 13.40902
w,183.37506 ± 1.21616
A,3.01038 ± 0.36915
B,0.0000864463 ± 2.52352 E−5
Reduced chi-square,7.77043
R                         2                        (COD),0.41633
Corr. R                         2,0.39585
