N,h                  =                      π                            2                          N,E                        abs,|                  |                  .                  |                      |                        2,RMS,Cond                  (                  A                  )
10,0.702481,4.59                  ×                      10                        -                      2,1.18                  ×                      10                        -                      1,2.52                  ×                      10                        -                      2,11.51
20,0.496729,2.56                  ×                      10                        -                      2,3.44                  ×                      10                        -                      2,5.31                  ×                      10                        -                      3,21.18
30,0.405578,1.47                  ×                      10                        -                      2,2.00                  ×                      10                        -                      2,2.54                  ×                      10                        -                      3,30.91
40,0.351241,9.36                  ×                      10                        -                      3,1.33                  ×                      10                        -                      2,1.47                  ×                      10                        -                      3,40.67
50,0.314159,6.60                  ×                      10                        -                      3,9.76                  ×                      10                        -                      3,9.67                  ×                      10                        -                      4,50.46
