Parameter,Value,Parameter,Value,Parameter,Value,Parameter,Value
A                                  1,0.44369,A                                  7,0.07052,B                                  1,0.11545,B                                  7,−0.0444
A                                  2,1.28438,A                                  8,0.50409,B                                  2,−0.9207,B                                  8,1.32245
A                                  3,0.35631,A                                  9,0.03075,B                                  3,1.70871,B                                  9,0.17943
A                                  4,0.54498,A                                  10,0.07328,B                                  4,−0.2709,B                                  10,0.46350
A                                  5,0.52863,A                                  11,0.00645,B                                  5,0.34962,B                                  11,−0.0221
A                                  6,0.48401,,,B                                  6,0.75413,,
