,t,df,Std ß,P,Tract interaction                         P
State,-0.924,489,-0.011,0.356,0.000537
Trait,-0.513,584,-0.006,0.608,0.000003
Impairment,-1.337,571,-0.016,0.182,0.000020
CPRS HI + IA,-2.280,567,-0.027,0.023,0.000140
CPRS HI,-2.160,556,-0.026,0.031,0.000017
CPRS IA,-2.174,564,-0.026,0.030,0.006162
